"","date","LocalTime","Air.Temperature_hourly.mean","Air.Pressure_hourly.mean","Solar.Voltage_hourly.mean","Relative.Humidity_hourly.mean"
"1",2018-04-01 00:00:00,2018-03-31 19:00:00,36.48,456.18,6.68,47.7
"2",2018-04-01 01:00:00,2018-03-31 20:00:00,35.77,456.67,6.74,50.54
"3",2018-04-01 04:00:00,2018-03-31 23:00:00,23.68,447.67,0.02,74.5
"4",2018-04-01 06:00:00,2018-04-01 01:00:00,21.67,437.83,0.01,85.04
"5",2018-04-01 07:00:00,2018-04-01 02:00:00,21.45,444.83,0.01,81.34
"6",2018-04-01 08:00:00,2018-04-01 03:00:00,21.85,445,0,79.92
"7",2019-08-31 09:00:00,2019-08-31 04:00:00,23.45,1011,0.6,56.36
"8",2019-08-31 10:00:00,2019-08-31 05:00:00,23.38,1011,0.43,56.14
"9",2019-09-01 17:00:00,2019-09-01 12:00:00,22.23,1019,0.55,39.6
"10",2019-09-05 22:00:00,2019-09-05 17:00:00,24.27,787,0.64,47.68
"11",2019-09-06 20:00:00,2019-09-06 15:00:00,31.9,869,5.21,39.72
"12",2019-09-06 21:00:00,2019-09-06 16:00:00,28.86,869,5.97,43.71
"13",2019-09-06 22:00:00,2019-09-06 17:00:00,26.4,869,5.4,47.08
"14",2019-09-06 23:00:00,2019-09-06 18:00:00,24.12,870,0.19,51.96
"15",2019-09-07 00:00:00,2019-09-06 19:00:00,23.21,870.33,0.02,55.69
"16",2019-09-07 01:00:00,2019-09-06 20:00:00,23.19,871.33,0.02,58.21
"17",2019-09-07 02:00:00,2019-09-06 21:00:00,22.62,872,0.02,60.94
"18",2019-09-07 03:00:00,2019-09-06 22:00:00,21.9,872,0.01,63.13
"19",2019-09-07 04:00:00,2019-09-06 23:00:00,21.25,872,0.01,65.11
"20",2019-09-07 05:00:00,2019-09-07 00:00:00,21.01,872,0.01,66.07
"21",2019-09-07 06:00:00,2019-09-07 01:00:00,20.35,872,0.01,69.27
"22",2019-09-07 07:00:00,2019-09-07 02:00:00,19.75,871,0.01,72.75
"23",2019-09-07 08:00:00,2019-09-07 03:00:00,19.36,871.33,0,75.04
"24",2019-09-07 09:00:00,2019-09-07 04:00:00,19.27,871.33,0,76.11
"25",2019-09-07 10:00:00,2019-09-07 05:00:00,18.34,872,0.89,79.99
"26",2019-09-07 11:00:00,2019-09-07 06:00:00,18.53,872.17,5.38,80.18
"27",2019-09-07 12:00:00,2019-09-07 07:00:00,19.2,873,5.97,79.14
"28",2019-09-07 13:00:00,2019-09-07 08:00:00,24.23,873,6.06,66.42
"29",2019-09-07 14:00:00,2019-09-07 09:00:00,28.88,872.83,6.78,52.62
"30",2019-09-07 15:00:00,2019-09-07 10:00:00,31.91,872,6.61,45.19
"31",2019-09-07 16:00:00,2019-09-07 11:00:00,35.79,871.33,6.54,35.58
"32",2019-09-07 17:00:00,2019-09-07 12:00:00,37.93,869.6,6.55,31.91
"33",2019-09-07 18:00:00,2019-09-07 13:00:00,36.35,868.67,6.57,30.81
"34",2019-09-07 19:00:00,2019-09-07 14:00:00,37.73,868,6.41,28.39
"35",2019-09-07 20:00:00,2019-09-07 15:00:00,38.84,867,6.34,26.4
"36",2019-09-07 21:00:00,2019-09-07 16:00:00,36.11,867,6.5,28.52
"37",2019-09-07 22:00:00,2019-09-07 17:00:00,30.26,867.33,5.62,34.57
"38",2019-09-07 23:00:00,2019-09-07 18:00:00,27.59,868.2,0.23,42.71
"39",2019-09-08 00:00:00,2019-09-07 19:00:00,26.77,869,0.03,45.53
"40",2019-09-08 01:00:00,2019-09-07 20:00:00,25.43,870,0.03,42.41
"41",2019-09-08 02:00:00,2019-09-07 21:00:00,24.64,871,0.02,45.79
"42",2019-09-08 03:00:00,2019-09-07 22:00:00,24.12,872,0.02,53.89
"43",2019-09-08 04:00:00,2019-09-07 23:00:00,23.81,872,0.01,56.77
"44",2019-09-08 05:00:00,2019-09-08 00:00:00,23.36,872,0.02,58.02
"45",2019-09-08 06:00:00,2019-09-08 01:00:00,22.31,872,0.01,61
"46",2019-09-08 07:00:00,2019-09-08 02:00:00,21.55,871.67,0.02,62.29
"47",2019-09-08 08:00:00,2019-09-08 03:00:00,21.42,872,0.02,64.23
"48",2019-09-08 09:00:00,2019-09-08 04:00:00,21.37,872,0.01,65.5
"49",2019-09-08 10:00:00,2019-09-08 05:00:00,21.04,872.33,0.84,64.5
"50",2019-09-08 11:00:00,2019-09-08 06:00:00,20.69,873.33,5.91,66.94
"51",2019-09-08 12:00:00,2019-09-08 07:00:00,21.74,874,6.72,63.7
"52",2019-09-08 13:00:00,2019-09-08 08:00:00,25.27,874,6.86,57.11
"53",2019-09-08 14:00:00,2019-09-08 09:00:00,28.43,874,6.83,49.87
"54",2019-09-08 15:00:00,2019-09-08 10:00:00,31.61,873.67,6.71,42.06
"55",2019-09-08 16:00:00,2019-09-08 11:00:00,32.41,872.4,6.75,39.16
"56",2019-09-08 17:00:00,2019-09-08 12:00:00,35.06,871.33,6.63,30.89
"57",2019-09-08 18:00:00,2019-09-08 13:00:00,38.1,870.2,6.44,24.52
"58",2019-09-08 19:00:00,2019-09-08 14:00:00,36.83,869,6.47,23.35
"59",2019-09-08 20:00:00,2019-09-08 15:00:00,38.26,868.67,6.62,22.93
"60",2019-09-08 21:00:00,2019-09-08 16:00:00,35.08,868,6.44,26.19
"61",2019-09-08 22:00:00,2019-09-08 17:00:00,29.07,868.2,5.26,32.46
"62",2019-09-08 23:00:00,2019-09-08 18:00:00,26.66,869.17,0.95,35.55
"63",2019-09-09 00:00:00,2019-09-08 19:00:00,25.61,870.33,0.03,39.42
"64",2019-09-09 01:00:00,2019-09-08 20:00:00,24.93,871,0.03,43.64
"65",2019-09-09 02:00:00,2019-09-08 21:00:00,24.34,871.67,0.02,46.95
"66",2019-09-09 03:00:00,2019-09-08 22:00:00,23.95,872,0.02,46.2
"67",2019-09-09 04:00:00,2019-09-08 23:00:00,22.69,872,0.02,50.81
"68",2019-09-09 05:00:00,2019-09-09 00:00:00,22.04,871.5,0.02,53.47
"69",2019-09-09 06:00:00,2019-09-09 01:00:00,20.77,871,0.01,60.06
"70",2019-09-09 07:00:00,2019-09-09 02:00:00,20.43,871,0.01,62.32
"71",2019-09-09 08:00:00,2019-09-09 03:00:00,19.67,871,0.01,66.24
"72",2019-09-09 09:00:00,2019-09-09 04:00:00,19.24,871.17,0.01,71.6
"73",2019-09-09 10:00:00,2019-09-09 05:00:00,19.39,871,0.8,73
"74",2019-09-09 11:00:00,2019-09-09 06:00:00,19.42,872,5.59,73.81
"75",2019-09-09 12:00:00,2019-09-09 07:00:00,20.2,872.67,6.37,73.38
"76",2019-09-09 13:00:00,2019-09-09 08:00:00,25.05,873,6.82,61.11
"77",2019-09-09 14:00:00,2019-09-09 09:00:00,29.12,873,6.73,49.33
"78",2019-09-09 15:00:00,2019-09-09 10:00:00,32.13,873,6.65,40.6
"79",2019-09-09 16:00:00,2019-09-09 11:00:00,35.01,872.17,6.54,32.33
"80",2019-09-09 17:00:00,2019-09-09 12:00:00,36.22,871,6.64,31.01
"81",2019-09-09 18:00:00,2019-09-09 13:00:00,37.59,869.5,6.46,26.55
"82",2019-09-09 19:00:00,2019-09-09 14:00:00,35.08,868.8,6.51,31.13
"83",2019-09-09 20:00:00,2019-09-09 15:00:00,36.2,868,6.54,29.79
"84",2019-09-09 21:00:00,2019-09-09 16:00:00,35.15,868,6.42,29.54
"85",2019-09-09 22:00:00,2019-09-09 17:00:00,29.57,868.33,5.12,36.92
"86",2019-09-09 23:00:00,2019-09-09 18:00:00,27.01,869,1.1,41.47
"87",2019-09-10 00:00:00,2019-09-09 19:00:00,26.05,869.83,0.04,39.28
"88",2019-09-10 01:00:00,2019-09-09 20:00:00,24.8,870.5,0.03,43.91
"89",2019-09-10 02:00:00,2019-09-09 21:00:00,24.02,871.33,0.04,47.43
"90",2019-09-10 03:00:00,2019-09-09 22:00:00,23.54,872,0.03,51.93
"91",2019-09-10 04:00:00,2019-09-09 23:00:00,22.62,872,0.02,55.29
"92",2019-09-10 05:00:00,2019-09-10 00:00:00,22.55,871.5,0.02,58.26
"93",2019-09-10 06:00:00,2019-09-10 01:00:00,22.5,871,0.01,61.4
"94",2019-09-10 07:00:00,2019-09-10 02:00:00,22.32,870.67,0.02,64.96
"95",2019-09-10 08:00:00,2019-09-10 03:00:00,21.23,870.83,0.01,70.03
"96",2019-09-10 09:00:00,2019-09-10 04:00:00,20.86,871.33,0.01,73.43
"97",2019-09-10 10:00:00,2019-09-10 05:00:00,20.57,872,1.08,74.45
"98",2019-09-10 11:00:00,2019-09-10 06:00:00,20.36,872,5.53,76.77
"99",2019-09-10 12:00:00,2019-09-10 07:00:00,20.84,872,6.29,74.2
"100",2019-09-10 13:00:00,2019-09-10 08:00:00,25.96,872.67,6.75,61.58
"101",2019-09-10 14:00:00,2019-09-10 09:00:00,29.24,873,6.74,52.05
"102",2019-09-10 15:00:00,2019-09-10 10:00:00,33.12,871.83,6.6,40.96
"103",2019-09-10 16:00:00,2019-09-10 11:00:00,36.32,870.8,6.47,34.28
"104",2019-09-10 17:00:00,2019-09-10 12:00:00,39.31,869.67,6.52,25.63
"105",2019-09-10 18:00:00,2019-09-10 13:00:00,37.3,868.33,6.52,24.89
"106",2019-09-10 19:00:00,2019-09-10 14:00:00,35.76,867.67,6.65,24.92
"107",2019-09-10 20:00:00,2019-09-10 15:00:00,38.85,867,6.56,21.63
"108",2019-09-10 21:00:00,2019-09-10 16:00:00,37.96,866,6.55,23.41
"109",2019-09-10 22:00:00,2019-09-10 17:00:00,31.9,866.2,6.08,30.95
"110",2019-09-10 23:00:00,2019-09-10 18:00:00,28.57,867,1.07,39.22
"111",2019-09-11 00:00:00,2019-09-10 19:00:00,26.76,868.33,0.02,44.74
"112",2019-09-11 01:00:00,2019-09-10 20:00:00,25.82,869.5,0.04,48.86
"113",2019-09-11 02:00:00,2019-09-10 21:00:00,25.83,870.5,0.03,49.57
"114",2019-09-11 03:00:00,2019-09-10 22:00:00,25.18,871,0.02,52.04
"115",2019-09-11 04:00:00,2019-09-10 23:00:00,24.16,871,0.01,58.12
"116",2019-09-11 05:00:00,2019-09-11 00:00:00,22.19,871,0.01,67.24
"117",2019-09-11 06:00:00,2019-09-11 01:00:00,21.56,871,0.01,71.01
"118",2019-09-11 07:00:00,2019-09-11 02:00:00,20.04,870.67,0.01,81.16
"119",2019-09-11 08:00:00,2019-09-11 03:00:00,19.02,870.83,0.01,87.68
"120",2019-09-11 09:00:00,2019-09-11 04:00:00,18.63,870.5,0.01,88.19
"121",2019-09-11 10:00:00,2019-09-11 05:00:00,18.42,871,0.67,90.7
"122",2019-09-11 11:00:00,2019-09-11 06:00:00,18.62,871,5.47,88.59
"123",2019-09-11 12:00:00,2019-09-11 07:00:00,19.67,871.33,6.58,86.48
"124",2019-09-11 13:00:00,2019-09-11 08:00:00,21.89,872,6.66,83.2
"125",2019-09-11 14:00:00,2019-09-11 09:00:00,26.61,872,6.8,66.62
"126",2019-09-11 15:00:00,2019-09-11 10:00:00,30.96,870.67,6.63,52.93
"127",2019-09-11 16:00:00,2019-09-11 11:00:00,34.67,869.33,6.56,42.76
"128",2019-09-11 17:00:00,2019-09-11 12:00:00,37.13,868,6.51,35.27
"129",2019-09-11 18:00:00,2019-09-11 13:00:00,37.45,866.8,6.55,32.77
"130",2019-09-11 19:00:00,2019-09-11 14:00:00,33.69,866,6.54,36.7
"131",2019-09-11 20:00:00,2019-09-11 15:00:00,31.34,865.5,6.58,42.56
"132",2019-09-11 21:00:00,2019-09-11 16:00:00,32.98,865,6.16,38.02
"133",2019-09-11 22:00:00,2019-09-11 17:00:00,24.03,866,3.99,64.19
"134",2019-09-11 23:00:00,2019-09-11 18:00:00,21.03,867.5,0.23,77.86
"135",2019-09-12 00:00:00,2019-09-11 19:00:00,20.89,868,0.02,81.06
"136",2019-09-12 01:00:00,2019-09-11 20:00:00,21.52,868.67,0.02,78.11
"137",2019-09-12 02:00:00,2019-09-11 21:00:00,23.08,869.67,0.02,70.69
"138",2019-09-12 03:00:00,2019-09-11 22:00:00,22.69,870,0.02,73.24
"139",2019-09-12 04:00:00,2019-09-11 23:00:00,22.26,870,0.02,75.99
"140",2019-09-12 05:00:00,2019-09-12 00:00:00,20.78,870,0.01,84.39
"141",2019-09-12 06:00:00,2019-09-12 01:00:00,19.52,870,0.01,91.26
"142",2019-09-12 07:00:00,2019-09-12 02:00:00,19.28,870,0.01,95.2
"143",2019-09-12 08:00:00,2019-09-12 03:00:00,19.06,869.33,0.01,96.08
"144",2019-09-12 09:00:00,2019-09-12 04:00:00,18.9,870,0.01,96.16
"145",2019-09-12 10:00:00,2019-09-12 05:00:00,18.78,870,0.64,97.84
"146",2019-09-12 11:00:00,2019-09-12 06:00:00,18.69,870,5.77,98.4
"147",2019-09-12 12:00:00,2019-09-12 07:00:00,19.34,870.83,6.68,98.15
"148",2019-09-12 13:00:00,2019-09-12 08:00:00,23.04,871,6.94,89.74
"149",2019-09-12 14:00:00,2019-09-12 09:00:00,25.89,871.17,6.76,79.72
"150",2019-09-12 15:00:00,2019-09-12 10:00:00,29.33,870.67,6.65,65.11
"151",2019-09-12 16:00:00,2019-09-12 11:00:00,32.52,869.5,6.59,54.83
"152",2019-09-12 17:00:00,2019-09-12 12:00:00,34.37,868.2,6.63,50.01
"153",2019-09-12 18:00:00,2019-09-12 13:00:00,36.53,866.67,6.58,42.38
"154",2019-09-12 19:00:00,2019-09-12 14:00:00,37.56,866,6.66,39.55
"155",2019-09-12 20:00:00,2019-09-12 15:00:00,30.28,865,6.63,51.96
"156",2019-09-12 21:00:00,2019-09-12 16:00:00,27.09,865,6.52,58.55
"157",2019-09-12 22:00:00,2019-09-12 17:00:00,26.23,865.83,5.63,59.47
"158",2019-09-12 23:00:00,2019-09-12 18:00:00,25.81,866.33,0.88,59.86
"159",2019-09-13 00:00:00,2019-09-12 19:00:00,24.91,867.33,0.02,62.47
"160",2019-09-13 01:00:00,2019-09-12 20:00:00,24.36,868.33,0.02,64
"161",2019-09-13 02:00:00,2019-09-12 21:00:00,24.41,869.17,0.02,65.16
"162",2019-09-13 03:00:00,2019-09-12 22:00:00,21.71,870,0.01,79.01
"163",2019-09-13 04:00:00,2019-09-12 23:00:00,19.83,870,0.02,89.55
"164",2019-09-13 05:00:00,2019-09-13 00:00:00,19.32,870,0.01,92.73
"165",2019-09-13 06:00:00,2019-09-13 01:00:00,18.56,865.67,0.01,95.64
"166",2019-09-13 07:00:00,2019-09-13 02:00:00,18.28,861.5,0.01,97.69
"167",2019-09-13 08:00:00,2019-09-13 03:00:00,18.08,864.33,0.01,98.3
"168",2019-09-13 09:00:00,2019-09-13 04:00:00,17.92,864.33,0.01,98.89
"169",2019-09-13 10:00:00,2019-09-13 05:00:00,17.7,869.17,0.53,98.53
"170",2019-09-13 11:00:00,2019-09-13 06:00:00,17.73,868.17,6.02,99.08
"171",2019-09-13 12:00:00,2019-09-13 07:00:00,18.67,869.5,6.71,98.74
"172",2019-09-13 13:00:00,2019-09-13 08:00:00,21.94,871.67,6.95,90.99
"173",2019-09-13 14:00:00,2019-09-13 09:00:00,23.8,872,6.81,84.42
"174",2019-09-13 15:00:00,2019-09-13 10:00:00,26.77,871.17,6.64,74.22
"175",2019-09-13 16:00:00,2019-09-13 11:00:00,27.94,870.33,6.76,68.83
"176",2019-09-13 17:00:00,2019-09-13 12:00:00,29.4,869.5,6.79,65.03
"177",2019-09-13 18:00:00,2019-09-13 13:00:00,31.08,868.17,6.7,54.49
"178",2019-09-13 19:00:00,2019-09-13 14:00:00,33.66,867.2,6.59,47.27
"179",2019-09-13 20:00:00,2019-09-13 15:00:00,36.11,866.33,6.53,39.24
"180",2019-09-13 21:00:00,2019-09-13 16:00:00,34.19,866,6.52,41.21
"181",2019-09-13 22:00:00,2019-09-13 17:00:00,28.34,866,5.48,51.51
"182",2019-09-13 23:00:00,2019-09-13 18:00:00,25.19,867,0.42,60.51
"183",2019-09-14 00:00:00,2019-09-13 19:00:00,24.87,867.5,0.02,55.82
"184",2019-09-14 01:00:00,2019-09-13 20:00:00,24.1,868.67,0.02,57.44
"185",2019-09-14 02:00:00,2019-09-13 21:00:00,23.45,869.33,0.02,60.27
"186",2019-09-14 03:00:00,2019-09-13 22:00:00,22.73,870,0.03,63.92
"187",2019-09-14 04:00:00,2019-09-13 23:00:00,22.09,870,0.04,67.28
"188",2019-09-14 05:00:00,2019-09-14 00:00:00,21.44,869,0.04,73.09
"189",2019-09-14 06:00:00,2019-09-14 01:00:00,21.46,868.67,0.02,74.99
"190",2019-09-14 07:00:00,2019-09-14 02:00:00,21.3,869,0.02,78.07
"191",2019-09-14 08:00:00,2019-09-14 03:00:00,20.94,869,0.02,83.34
"192",2019-09-14 09:00:00,2019-09-14 04:00:00,20.05,869,0.01,89.04
"193",2019-09-14 10:00:00,2019-09-14 05:00:00,19.6,869,1.3,88.24
"194",2019-09-14 11:00:00,2019-09-14 06:00:00,19.97,869,6.22,88.58
"195",2019-09-14 12:00:00,2019-09-14 07:00:00,21.26,870,6.63,85.86
"196",2019-09-14 13:00:00,2019-09-14 08:00:00,23.73,870.67,6.85,79.09
"197",2019-09-14 14:00:00,2019-09-14 09:00:00,26.34,871,6.81,71.07
"198",2019-09-14 15:00:00,2019-09-14 10:00:00,27.13,870.17,6.78,67.95
"199",2019-09-14 16:00:00,2019-09-14 11:00:00,28.99,869.5,6.7,58.23
"200",2019-09-14 17:00:00,2019-09-14 12:00:00,30.41,868.5,6.67,54.95
"201",2019-09-14 18:00:00,2019-09-14 13:00:00,30.33,867.33,6.67,53.68
"202",2019-09-14 19:00:00,2019-09-14 14:00:00,28.85,867,6.69,55.99
"203",2019-09-14 20:00:00,2019-09-14 15:00:00,28.73,866.17,6.73,56.12
"204",2019-09-14 21:00:00,2019-09-14 16:00:00,29.35,866.17,6.52,52.37
"205",2019-09-14 22:00:00,2019-09-14 17:00:00,26.78,867,5.56,57.1
"206",2019-09-14 23:00:00,2019-09-14 18:00:00,25.37,867.33,0.77,62.03
"207",2019-09-15 00:00:00,2019-09-14 19:00:00,24.8,868.33,0.03,64.57
"208",2019-09-15 01:00:00,2019-09-14 20:00:00,23.9,869,0.02,64.98
"209",2019-09-15 02:00:00,2019-09-14 21:00:00,23.9,869.67,0.02,62.59
"210",2019-09-15 03:00:00,2019-09-14 22:00:00,23.54,870,0.02,60.57
"211",2019-09-15 04:00:00,2019-09-14 23:00:00,22.57,870,0.03,65.4
"212",2019-09-15 05:00:00,2019-09-15 00:00:00,22.16,869,0.03,66.07
"213",2019-09-15 06:00:00,2019-09-15 01:00:00,21.9,869,0.03,64.75
"214",2019-09-15 07:00:00,2019-09-15 02:00:00,21.18,869,0.02,69.95
"215",2019-09-15 08:00:00,2019-09-15 03:00:00,20.78,869.17,0.02,76.68
"216",2019-09-15 09:00:00,2019-09-15 04:00:00,20.13,869.33,0.02,75.51
"217",2019-09-15 10:00:00,2019-09-15 05:00:00,19.82,870,1.24,78.16
"218",2019-09-15 11:00:00,2019-09-15 06:00:00,20.14,870,6.3,81.67
"219",2019-09-15 12:00:00,2019-09-15 07:00:00,21.84,871.5,6.77,81.99
"220",2019-09-15 13:00:00,2019-09-15 08:00:00,23.89,872,6.87,75.97
"221",2019-09-15 14:00:00,2019-09-15 09:00:00,26.1,872,6.83,68.32
"222",2019-09-15 15:00:00,2019-09-15 10:00:00,29.48,871,6.73,57.23
"223",2019-09-15 16:00:00,2019-09-15 11:00:00,32.15,870,6.63,48.67
"224",2019-09-15 17:00:00,2019-09-15 12:00:00,35.27,868.4,6.57,37.63
"225",2019-09-15 18:00:00,2019-09-15 13:00:00,33.34,867.5,6.66,40.88
"226",2019-09-15 19:00:00,2019-09-15 14:00:00,32.39,867,6.64,43.35
"227",2019-09-15 20:00:00,2019-09-15 15:00:00,31.32,866.8,6.61,43.55
"228",2019-09-15 21:00:00,2019-09-15 16:00:00,29.68,866.33,6.49,45.75
"229",2019-09-15 22:00:00,2019-09-15 17:00:00,27.57,867,5.55,47.74
"230",2019-09-15 23:00:00,2019-09-15 18:00:00,26.15,867.33,0.62,52.67
"231",2019-09-16 00:00:00,2019-09-15 19:00:00,25.32,868,0.02,57.52
"232",2019-09-16 01:00:00,2019-09-15 20:00:00,24.83,869.17,0.02,58.52
"233",2019-09-16 02:00:00,2019-09-15 21:00:00,23.79,870,0.02,63.13
"234",2019-09-16 03:00:00,2019-09-15 22:00:00,23.18,870.5,0.02,67.5
"235",2019-09-16 04:00:00,2019-09-15 23:00:00,22.67,871,0.02,70.74
"236",2019-09-16 05:00:00,2019-09-16 00:00:00,22.16,870,0.02,73.05
"237",2019-09-16 06:00:00,2019-09-16 01:00:00,21.8,870,0.01,74.78
"238",2019-09-16 07:00:00,2019-09-16 02:00:00,21.39,870.17,0.02,77.94
"239",2019-09-16 08:00:00,2019-09-16 03:00:00,21.02,870,0.02,78.5
"240",2019-09-16 09:00:00,2019-09-16 04:00:00,20.37,871,0.01,82.72
"241",2019-09-16 10:00:00,2019-09-16 05:00:00,20.18,871.5,1.27,81.14
"242",2019-09-16 11:00:00,2019-09-16 06:00:00,20.24,872.17,5.77,83.55
"243",2019-09-16 12:00:00,2019-09-16 07:00:00,21.33,873,6.58,80.85
"244",2019-09-16 13:00:00,2019-09-16 08:00:00,23.05,873,6.45,75.3
"245",2019-09-16 14:00:00,2019-09-16 09:00:00,24.88,873,6.81,68.97
"246",2019-09-16 15:00:00,2019-09-16 10:00:00,27.33,873,6.77,61.27
"247",2019-09-16 16:00:00,2019-09-16 11:00:00,30.5,872.2,6.72,53.69
"248",2019-09-16 17:00:00,2019-09-16 12:00:00,33.31,870.83,6.66,44.52
"249",2019-09-16 18:00:00,2019-09-16 13:00:00,37.64,869.6,6.56,35.04
"250",2019-09-16 19:00:00,2019-09-16 14:00:00,39.27,868,6.63,31.18
"251",2019-09-16 20:00:00,2019-09-16 15:00:00,36.2,867.17,6.56,33.79
"252",2019-09-16 21:00:00,2019-09-16 16:00:00,33.12,867,6.44,39.91
"253",2019-09-16 22:00:00,2019-09-16 17:00:00,26.62,867.67,5.02,52.38
"254",2019-09-16 23:00:00,2019-09-16 18:00:00,23.8,868,0.49,60.41
"255",2019-09-17 00:00:00,2019-09-16 19:00:00,23.53,868.83,0.02,61.76
"256",2019-09-17 01:00:00,2019-09-16 20:00:00,23.81,869.5,0.02,61.75
"257",2019-09-17 02:00:00,2019-09-16 21:00:00,23.57,870,0.02,63.79
"258",2019-09-17 03:00:00,2019-09-16 22:00:00,23.11,870.83,0.02,66.21
"259",2019-09-17 04:00:00,2019-09-16 23:00:00,22.1,871,0.01,73.14
"260",2019-09-17 05:00:00,2019-09-17 00:00:00,20.97,870.83,0.02,80.02
"261",2019-09-17 06:00:00,2019-09-17 01:00:00,20.44,870,0.02,81.71
"262",2019-09-17 07:00:00,2019-09-17 02:00:00,20.24,870,0.02,81.53
"263",2019-09-17 08:00:00,2019-09-17 03:00:00,19.66,870,0.02,85.57
"264",2019-09-17 09:00:00,2019-09-17 04:00:00,19.72,870.33,0.01,87.49
"265",2019-09-17 10:00:00,2019-09-17 05:00:00,19.19,871,1,90.88
"266",2019-09-17 11:00:00,2019-09-17 06:00:00,19.8,871.4,5.98,88.27
"267",2019-09-17 12:00:00,2019-09-17 07:00:00,20.85,872,6.47,86.5
"268",2019-09-17 13:00:00,2019-09-17 08:00:00,23.02,872,6.37,81.64
"269",2019-09-17 14:00:00,2019-09-17 09:00:00,26.3,872.5,6.86,68.88
"270",2019-09-17 15:00:00,2019-09-17 10:00:00,29.16,872,6.69,57.93
"271",2019-09-17 16:00:00,2019-09-17 11:00:00,32.7,871.33,6.68,48.62
"272",2019-09-17 17:00:00,2019-09-17 12:00:00,34.37,870.17,6.64,44.58
"273",2019-09-17 18:00:00,2019-09-17 13:00:00,35.4,869,6.58,39.12
"274",2019-09-17 19:00:00,2019-09-17 14:00:00,37.11,868.17,6.64,36.58
"275",2019-09-17 20:00:00,2019-09-17 15:00:00,35.73,867.4,6.64,36.63
"276",2019-09-17 21:00:00,2019-09-17 16:00:00,32.15,867,6.6,43.66
"277",2019-09-17 22:00:00,2019-09-17 17:00:00,26.2,867.5,4.57,59.39
"278",2019-09-17 23:00:00,2019-09-17 18:00:00,21.06,868.83,0.08,83.59
"279",2019-09-18 00:00:00,2019-09-17 19:00:00,19.36,870,0.01,93.53
"280",2019-09-18 01:00:00,2019-09-17 20:00:00,18.85,871,0.01,95.28
"281",2019-09-18 02:00:00,2019-09-17 21:00:00,18.86,871.33,0.01,98.17
"282",2019-09-18 03:00:00,2019-09-17 22:00:00,18.76,870.33,0.01,99.35
"283",2019-09-18 04:00:00,2019-09-17 23:00:00,18.75,870,0.01,99.64
"284",2019-09-18 05:00:00,2019-09-18 00:00:00,18.59,868,0.01,99.98
"285",2019-09-18 06:00:00,2019-09-18 01:00:00,18.39,866.33,0.01,100
"286",2019-09-18 07:00:00,2019-09-18 02:00:00,18.27,866,0.01,100
"287",2019-09-18 08:00:00,2019-09-18 03:00:00,18.1,865,0.01,100
"288",2019-09-18 09:00:00,2019-09-18 04:00:00,18.29,860.33,0.01,100
"289",2019-09-18 10:00:00,2019-09-18 05:00:00,18.16,861.5,0.38,100
"290",2019-09-18 11:00:00,2019-09-18 06:00:00,18.3,862.67,5.33,100
"291",2019-09-18 12:00:00,2019-09-18 07:00:00,19.21,865.67,6.74,99.27
"292",2019-09-18 13:00:00,2019-09-18 08:00:00,20.76,870.17,6.84,97.68
"293",2019-09-18 14:00:00,2019-09-18 09:00:00,22.97,872.83,6.35,90.75
"294",2019-09-18 15:00:00,2019-09-18 10:00:00,25,872.67,6.85,83.28
"295",2019-09-18 16:00:00,2019-09-18 11:00:00,25.7,872,6.84,81.24
"296",2019-09-18 17:00:00,2019-09-18 12:00:00,23.52,870.83,6.95,83.59
"297",2019-09-18 18:00:00,2019-09-18 13:00:00,25.39,869.67,6.96,78.75
"298",2019-09-18 19:00:00,2019-09-18 14:00:00,31.07,868.67,6.7,56.07
"299",2019-09-18 20:00:00,2019-09-18 15:00:00,25,868,6.57,71.05
"300",2019-09-18 21:00:00,2019-09-18 16:00:00,20.52,868,6.5,88.43
"301",2019-09-18 22:00:00,2019-09-18 17:00:00,19.96,868.33,5.37,92.27
"302",2019-09-18 23:00:00,2019-09-18 18:00:00,19.69,869,0.32,93.28
"303",2019-09-19 00:00:00,2019-09-18 19:00:00,19.27,869,0.01,96.69
"304",2019-09-19 01:00:00,2019-09-18 20:00:00,18.84,870,0.02,98.71
"305",2019-09-19 02:00:00,2019-09-18 21:00:00,18.7,870.33,0.01,99.66
"306",2019-09-19 03:00:00,2019-09-18 22:00:00,18.73,871,0.01,100
"307",2019-09-19 04:00:00,2019-09-18 23:00:00,18.4,870,0.01,100
"308",2019-09-19 05:00:00,2019-09-19 00:00:00,17.98,870,0.01,100
"309",2019-09-19 06:00:00,2019-09-19 01:00:00,17.3,870,0.01,99.69
"310",2019-09-19 07:00:00,2019-09-19 02:00:00,17.06,869.67,0,100
"311",2019-09-19 08:00:00,2019-09-19 03:00:00,16.96,866.17,0.01,100
"312",2019-09-19 09:00:00,2019-09-19 04:00:00,16.91,867,0.01,100
"313",2019-09-19 10:00:00,2019-09-19 05:00:00,16.92,867,0.87,100
"314",2019-09-19 11:00:00,2019-09-19 06:00:00,17.19,867.5,5.66,100
"315",2019-09-19 12:00:00,2019-09-19 07:00:00,18.7,868.83,6.86,99.79
"316",2019-09-19 13:00:00,2019-09-19 08:00:00,20.84,872.33,6.95,94.9
"317",2019-09-19 14:00:00,2019-09-19 09:00:00,23.19,873,6.94,85.85
"318",2019-09-19 15:00:00,2019-09-19 10:00:00,27.66,872.5,6.72,70.47
"319",2019-09-19 16:00:00,2019-09-19 11:00:00,28.59,871.5,6.78,71.17
"320",2019-09-19 17:00:00,2019-09-19 12:00:00,31.34,870.17,6.72,59.66
"321",2019-09-19 18:00:00,2019-09-19 13:00:00,32.29,869.2,6.75,57.61
"322",2019-09-19 19:00:00,2019-09-19 14:00:00,31.93,868.17,6.77,55.75
"323",2019-09-19 20:00:00,2019-09-19 15:00:00,27.8,867.33,6.73,63.8
"324",2019-09-19 21:00:00,2019-09-19 16:00:00,24.92,867,6.56,70.09
"325",2019-09-19 22:00:00,2019-09-19 17:00:00,23.34,867.83,5.36,78.68
"326",2019-09-19 23:00:00,2019-09-19 18:00:00,21.89,868.17,0.19,83.64
"327",2019-09-20 00:00:00,2019-09-19 19:00:00,21.63,869,0.02,84.7
"328",2019-09-20 01:00:00,2019-09-19 20:00:00,21.34,870,0.02,86.21
"329",2019-09-20 02:00:00,2019-09-19 21:00:00,20.54,871,0.02,89.52
"330",2019-09-20 03:00:00,2019-09-19 22:00:00,20.49,871,0.01,89.36
"331",2019-09-20 04:00:00,2019-09-19 23:00:00,19.84,870.5,0.01,92.6
"332",2019-09-20 05:00:00,2019-09-20 00:00:00,19.95,870,0.01,93.57
"333",2019-09-20 06:00:00,2019-09-20 01:00:00,19.59,869.5,0.01,95.99
"334",2019-09-20 07:00:00,2019-09-20 02:00:00,19.05,868.5,0.01,98.02
"335",2019-09-20 08:00:00,2019-09-20 03:00:00,18.72,868,0.01,99.19
"336",2019-09-20 09:00:00,2019-09-20 04:00:00,18.77,869,0.01,100
"337",2019-09-20 10:00:00,2019-09-20 05:00:00,18.91,869,0.95,99.83
"338",2019-09-20 11:00:00,2019-09-20 06:00:00,19.16,869.83,5.81,100
"339",2019-09-20 12:00:00,2019-09-20 07:00:00,20,870.83,6.57,99.41
"340",2019-09-20 13:00:00,2019-09-20 08:00:00,22.38,872,6.87,94.35
"341",2019-09-20 14:00:00,2019-09-20 09:00:00,24.53,872.83,6.88,86.37
"342",2019-09-20 15:00:00,2019-09-20 10:00:00,28.02,872,6.74,73.2
"343",2019-09-20 16:00:00,2019-09-20 11:00:00,30.18,871.33,6.73,64.28
"344",2019-09-20 17:00:00,2019-09-20 12:00:00,30.91,870.17,6.8,54.65
"345",2019-09-20 18:00:00,2019-09-20 13:00:00,30.14,869.17,6.83,58.87
"346",2019-09-20 19:00:00,2019-09-20 14:00:00,30.55,868.17,6.77,56.58
"347",2019-09-20 20:00:00,2019-09-20 15:00:00,29.17,868,6.75,56.3
"348",2019-09-20 21:00:00,2019-09-20 16:00:00,26.64,868,6.63,62.33
"349",2019-09-20 22:00:00,2019-09-20 17:00:00,24.3,868.5,5.45,70.09
"350",2019-09-20 23:00:00,2019-09-20 18:00:00,22.85,869,0.4,74.4
"351",2019-09-21 00:00:00,2019-09-20 19:00:00,22.15,869.5,0.02,76.68
"352",2019-09-21 01:00:00,2019-09-20 20:00:00,21.77,870.33,0.02,79.83
"353",2019-09-21 02:00:00,2019-09-20 21:00:00,21.5,871.5,0.01,81.52
"354",2019-09-21 03:00:00,2019-09-20 22:00:00,21.33,872,0.01,83.09
"355",2019-09-21 04:00:00,2019-09-20 23:00:00,20.8,872,0.01,85.69
"356",2019-09-21 05:00:00,2019-09-21 00:00:00,20.5,871.67,0.01,89.96
"357",2019-09-21 06:00:00,2019-09-21 01:00:00,19.75,870.33,0.01,97.04
"358",2019-09-21 07:00:00,2019-09-21 02:00:00,19.47,870,0.01,99.04
"359",2019-09-21 08:00:00,2019-09-21 03:00:00,19.32,870,0.01,100
"360",2019-09-21 09:00:00,2019-09-21 04:00:00,18.95,870.33,0.01,100
"361",2019-09-21 10:00:00,2019-09-21 05:00:00,18.69,871,0.62,100
"362",2019-09-21 11:00:00,2019-09-21 06:00:00,18.7,871.33,5.64,99.91
"363",2019-09-21 12:00:00,2019-09-21 07:00:00,19.72,872.33,6.76,97.11
"364",2019-09-21 13:00:00,2019-09-21 08:00:00,21.41,873.67,6.88,92.14
"365",2019-09-21 14:00:00,2019-09-21 09:00:00,24.2,874,6.96,81.12
"366",2019-09-21 15:00:00,2019-09-21 10:00:00,26.57,873.67,6.85,71.34
"367",2019-09-21 16:00:00,2019-09-21 11:00:00,27.14,872.83,6.8,66.84
"368",2019-09-21 17:00:00,2019-09-21 12:00:00,25.71,872,6.87,72.73
"369",2019-09-21 18:00:00,2019-09-21 13:00:00,27.1,871,6.81,68.82
"370",2019-09-21 19:00:00,2019-09-21 14:00:00,26.13,870.29,6.81,68.31
"371",2019-09-21 20:00:00,2019-09-21 15:00:00,26.12,870,6.88,72.24
"372",2019-09-21 21:00:00,2019-09-21 16:00:00,31.31,870,6.66,51.75
"373",2019-09-21 22:00:00,2019-09-21 17:00:00,24.9,869.8,5.5,72.91
"374",2019-09-21 23:00:00,2019-09-21 18:00:00,22.46,870.33,0.34,80.22
"375",2019-09-22 00:00:00,2019-09-21 19:00:00,21.88,871.33,0.02,82.78
"376",2019-09-22 01:00:00,2019-09-21 20:00:00,20.83,872,0.02,88.94
"377",2019-09-22 02:00:00,2019-09-21 21:00:00,20.66,873,0.01,88.73
"378",2019-09-22 03:00:00,2019-09-21 22:00:00,19.98,872.83,0.01,91.73
"379",2019-09-22 04:00:00,2019-09-21 23:00:00,19.58,872,0.01,92.89
"380",2019-09-22 05:00:00,2019-09-22 00:00:00,19.88,872,0.01,90.66
"381",2019-09-22 06:00:00,2019-09-22 01:00:00,19.55,871.83,0.01,92.13
"382",2019-09-22 07:00:00,2019-09-22 02:00:00,18.89,871,0.01,96.11
"383",2019-09-22 08:00:00,2019-09-22 03:00:00,18.55,871,0.01,97.45
"384",2019-09-22 09:00:00,2019-09-22 04:00:00,18.1,871,0.01,99.81
"385",2019-09-22 10:00:00,2019-09-22 05:00:00,18.32,871,1.4,100
"386",2019-09-22 11:00:00,2019-09-22 06:00:00,18.61,871.5,6.14,100
"387",2019-09-22 12:00:00,2019-09-22 07:00:00,19.85,872,6.75,98.86
"388",2019-09-22 13:00:00,2019-09-22 08:00:00,22.93,873.83,6.94,88.67
"389",2019-09-22 14:00:00,2019-09-22 09:00:00,26.17,874,6.87,74.09
"390",2019-09-22 15:00:00,2019-09-22 10:00:00,31.29,873.2,6.65,56.94
"391",2019-09-22 16:00:00,2019-09-22 11:00:00,34.66,872.33,6.59,47.57
"392",2019-09-22 17:00:00,2019-09-22 12:00:00,33.86,870.8,6.55,47.02
"393",2019-09-22 18:00:00,2019-09-22 13:00:00,27.5,869.67,6.79,68.99
"394",2019-09-22 19:00:00,2019-09-22 14:00:00,27.99,868.67,6.82,64.28
"395",2019-09-22 20:00:00,2019-09-22 15:00:00,30.19,868,6.75,51.9
"396",2019-09-22 21:00:00,2019-09-22 16:00:00,32.29,868,6.7,45.7
"397",2019-09-22 22:00:00,2019-09-22 17:00:00,27.59,868,5.54,55.67
"398",2019-09-22 23:00:00,2019-09-22 18:00:00,23.05,869.4,0.18,75.36
"399",2019-09-23 00:00:00,2019-09-22 19:00:00,20.82,870.83,0.01,89.86
"400",2019-09-23 01:00:00,2019-09-22 20:00:00,19.63,872,0.01,90.69
"401",2019-09-23 02:00:00,2019-09-22 21:00:00,18.94,872,0.02,95.51
"402",2019-09-23 03:00:00,2019-09-22 22:00:00,18.41,872.83,0.01,98.96
"403",2019-09-23 04:00:00,2019-09-22 23:00:00,18.27,872.33,0.01,99.89
"404",2019-09-23 05:00:00,2019-09-23 00:00:00,18.2,872,0.01,100
"405",2019-09-23 06:00:00,2019-09-23 01:00:00,18.2,871,0.01,100
"406",2019-09-23 07:00:00,2019-09-23 02:00:00,18.26,871,0.01,100
"407",2019-09-23 08:00:00,2019-09-23 03:00:00,18.17,871,0.01,100
"408",2019-09-23 09:00:00,2019-09-23 04:00:00,18.02,871.17,0.01,100
"409",2019-09-23 10:00:00,2019-09-23 05:00:00,17.96,870.67,0.7,100
"410",2019-09-23 11:00:00,2019-09-23 06:00:00,17.82,870,4.76,100
"411",2019-09-23 12:00:00,2019-09-23 07:00:00,18.3,870,6.61,100
"412",2019-09-23 13:00:00,2019-09-23 08:00:00,20.11,871.5,6.91,99.26
"413",2019-09-23 14:00:00,2019-09-23 09:00:00,21.8,874.33,6.29,93.81
"414",2019-09-23 15:00:00,2019-09-23 10:00:00,23.35,874,6.92,88.35
"415",2019-09-23 16:00:00,2019-09-23 11:00:00,23.52,873.5,6.93,88.51
"416",2019-09-23 17:00:00,2019-09-23 12:00:00,25.57,872.67,6.9,80.1
"417",2019-09-23 18:00:00,2019-09-23 13:00:00,28.31,871.5,6.88,68.66
"418",2019-09-23 19:00:00,2019-09-23 14:00:00,32.76,870.33,6.68,56.91
"419",2019-09-23 20:00:00,2019-09-23 15:00:00,28.03,869.67,6.73,68.44
"420",2019-09-23 21:00:00,2019-09-23 16:00:00,26.07,870,6.61,74.05
"421",2019-09-23 22:00:00,2019-09-23 17:00:00,23.28,870,5.26,81.57
"422",2019-09-23 23:00:00,2019-09-23 18:00:00,21.47,870.5,0.46,86.28
"423",2019-09-24 00:00:00,2019-09-23 19:00:00,21.12,871.5,0.01,88.53
"424",2019-09-24 01:00:00,2019-09-23 20:00:00,21.13,872,0.01,88.55
"425",2019-09-24 02:00:00,2019-09-23 21:00:00,21.02,872.17,0.01,87.97
"426",2019-09-24 03:00:00,2019-09-23 22:00:00,20.37,873,0.01,92.04
"427",2019-09-24 04:00:00,2019-09-23 23:00:00,20.31,872.83,0.01,91.43
"428",2019-09-24 05:00:00,2019-09-24 00:00:00,20.29,872,0.01,91.41
"429",2019-09-24 06:00:00,2019-09-24 01:00:00,19.66,870.83,0.01,94.54
"430",2019-09-24 07:00:00,2019-09-24 02:00:00,19.26,870,0.02,97.36
"431",2019-09-24 08:00:00,2019-09-24 03:00:00,18.96,870.17,0.01,96.21
"432",2019-09-24 09:00:00,2019-09-24 04:00:00,18.81,870.67,0.01,95.48
"433",2019-09-24 10:00:00,2019-09-24 05:00:00,18.29,870.17,1.05,98.47
"434",2019-09-24 11:00:00,2019-09-24 06:00:00,18.57,871.17,5.92,98.62
"435",2019-09-24 12:00:00,2019-09-24 07:00:00,19.7,872.5,6.74,96.78
"436",2019-09-24 13:00:00,2019-09-24 08:00:00,20.68,873,6.84,94.31
"437",2019-09-24 14:00:00,2019-09-24 09:00:00,23.59,873.83,6.97,84.88
"438",2019-09-24 15:00:00,2019-09-24 10:00:00,27.06,873.5,6.86,70.78
"439",2019-09-24 16:00:00,2019-09-24 11:00:00,29.29,872.67,6.78,60.34
"440",2019-09-24 17:00:00,2019-09-24 12:00:00,29.13,871.33,6.8,57.37
"441",2019-09-24 18:00:00,2019-09-24 13:00:00,31.43,870.17,6.74,53.43
"442",2019-09-24 19:00:00,2019-09-24 14:00:00,32.58,869.2,6.7,48.64
"443",2019-09-24 20:00:00,2019-09-24 15:00:00,33.21,868.6,6.74,46.91
"444",2019-09-24 21:00:00,2019-09-24 16:00:00,34.01,868.5,6.66,41.98
"445",2019-09-24 22:00:00,2019-09-24 17:00:00,27.7,868.83,6.14,55.95
"446",2019-09-24 23:00:00,2019-09-24 18:00:00,24.29,869.33,0.8,63.84
"447",2019-09-25 00:00:00,2019-09-24 19:00:00,23.71,870.5,0.02,66.34
"448",2019-09-25 01:00:00,2019-09-24 20:00:00,21.59,871.5,0.02,80.43
"449",2019-09-25 02:00:00,2019-09-24 21:00:00,20.47,872,0.01,89.03
"450",2019-09-25 03:00:00,2019-09-24 22:00:00,20.29,872,0.01,89.15
"451",2019-09-25 04:00:00,2019-09-24 23:00:00,20.47,872.33,0.01,88.61
"452",2019-09-25 05:00:00,2019-09-25 00:00:00,19.89,872.17,0.01,91.7
"453",2019-09-25 06:00:00,2019-09-25 01:00:00,19.14,871,0.01,96.4
"454",2019-09-25 07:00:00,2019-09-25 02:00:00,18.14,871.33,0,96.55
"455",2019-09-25 08:00:00,2019-09-25 03:00:00,17.55,871,0.01,99.66
"456",2019-09-25 09:00:00,2019-09-25 04:00:00,17.59,871,0.01,100
"457",2019-09-25 10:00:00,2019-09-25 05:00:00,17.58,871.5,0.73,100
"458",2019-09-25 11:00:00,2019-09-25 06:00:00,17.54,872.33,5.73,100
"459",2019-09-25 12:00:00,2019-09-25 07:00:00,18.11,872.5,6.58,99.71
"460",2019-09-25 13:00:00,2019-09-25 08:00:00,19.92,874,6.92,96.47
"461",2019-09-25 14:00:00,2019-09-25 09:00:00,22.52,875,6.48,87.46
"462",2019-09-25 15:00:00,2019-09-25 10:00:00,26.51,874.33,6.87,78.03
"463",2019-09-25 16:00:00,2019-09-25 11:00:00,29,873,6.65,67.36
"464",2019-09-25 17:00:00,2019-09-25 12:00:00,31.74,871.5,6.54,59
"465",2019-09-25 18:00:00,2019-09-25 13:00:00,35.42,869.83,6.59,46.41
"466",2019-09-25 19:00:00,2019-09-25 14:00:00,37.19,868.6,6.66,38.28
"467",2019-09-25 20:00:00,2019-09-25 15:00:00,37.14,868,6.71,38.95
"468",2019-09-25 21:00:00,2019-09-25 16:00:00,33.83,868,6.68,46.62
"469",2019-09-25 22:00:00,2019-09-25 17:00:00,26.52,868,5.56,61.98
"470",2019-09-25 23:00:00,2019-09-25 18:00:00,24.25,869.33,0.3,69.69
"471",2019-09-26 00:00:00,2019-09-25 19:00:00,22.13,870.17,0.02,78.02
"472",2019-09-26 01:00:00,2019-09-25 20:00:00,21.06,871.17,0.02,81.99
"473",2019-09-26 02:00:00,2019-09-25 21:00:00,20.59,872,0.01,82.17
"474",2019-09-26 03:00:00,2019-09-25 22:00:00,20.31,872.67,0.01,87.48
"475",2019-09-26 04:00:00,2019-09-25 23:00:00,19.44,872.17,0.01,93.02
"476",2019-09-26 05:00:00,2019-09-26 00:00:00,19,871,0.01,97
"477",2019-09-26 06:00:00,2019-09-26 01:00:00,18.77,870,0.01,98.73
"478",2019-09-26 07:00:00,2019-09-26 02:00:00,18.73,870,0.01,99.75
"479",2019-09-26 08:00:00,2019-09-26 03:00:00,18.5,870,0.01,100
"480",2019-09-26 09:00:00,2019-09-26 04:00:00,18.47,870,0.01,100
"481",2019-09-26 10:00:00,2019-09-26 05:00:00,18.5,870.67,0.27,100
"482",2019-09-26 11:00:00,2019-09-26 06:00:00,18.38,871.5,4.54,100
"483",2019-09-26 12:00:00,2019-09-26 07:00:00,18.6,872.17,6.39,100
"484",2019-09-26 13:00:00,2019-09-26 08:00:00,19.61,872.67,6.78,100
"485",2019-09-26 14:00:00,2019-09-26 09:00:00,21.02,873.5,6.98,98.17
"486",2019-09-26 15:00:00,2019-09-26 10:00:00,23.86,874.5,6.94,88.12
"487",2019-09-26 16:00:00,2019-09-26 11:00:00,28.07,873.33,6.59,74.27
"488",2019-09-26 17:00:00,2019-09-26 12:00:00,27.73,872.17,6.83,73.02
"489",2019-09-26 18:00:00,2019-09-26 13:00:00,33.79,871.17,6.7,52.06
"490",2019-09-26 19:00:00,2019-09-26 14:00:00,33.52,870,6.7,52.07
"491",2019-09-26 20:00:00,2019-09-26 15:00:00,33.22,869.2,6.77,54.38
"492",2019-09-26 21:00:00,2019-09-26 16:00:00,33.13,869,6.64,53.59
"493",2019-09-26 22:00:00,2019-09-26 17:00:00,25.68,869,5.82,73.3
"494",2019-09-26 23:00:00,2019-09-26 18:00:00,22.12,869.17,0.55,82.6
"495",2019-09-27 00:00:00,2019-09-26 19:00:00,21.28,869.83,0.02,85.56
"496",2019-09-27 01:00:00,2019-09-26 20:00:00,21.01,870,0.02,86.99
"497",2019-09-27 02:00:00,2019-09-26 21:00:00,20.36,871,0.01,91.3
"498",2019-09-27 03:00:00,2019-09-26 22:00:00,19.85,871,0.01,93.38
"499",2019-09-27 04:00:00,2019-09-26 23:00:00,19.71,871,0.01,91.85
"500",2019-09-27 05:00:00,2019-09-27 00:00:00,19.48,871,0.01,92.05
"501",2019-09-27 06:00:00,2019-09-27 01:00:00,19.31,870.33,0.01,92.57
"502",2019-09-27 07:00:00,2019-09-27 02:00:00,19.2,870,0.01,92.6
"503",2019-09-27 08:00:00,2019-09-27 03:00:00,18.41,869.33,0.01,96.91
"504",2019-09-27 09:00:00,2019-09-27 04:00:00,18.09,869,0.01,98.9
"505",2019-09-27 10:00:00,2019-09-27 05:00:00,17.93,869,1.07,98.92
"506",2019-09-27 11:00:00,2019-09-27 06:00:00,17.75,869.83,5.65,99.9
"507",2019-09-27 12:00:00,2019-09-27 07:00:00,18.57,870.67,6.49,99.22
"508",2019-09-27 13:00:00,2019-09-27 08:00:00,20.89,872.5,6.69,92.7
"509",2019-09-27 14:00:00,2019-09-27 09:00:00,23.53,873,6.66,85.02
"510",2019-09-27 15:00:00,2019-09-27 10:00:00,28.4,872.5,6.79,68.55
"511",2019-09-27 16:00:00,2019-09-27 11:00:00,29.89,871.67,6.71,64.35
"512",2019-09-27 17:00:00,2019-09-27 12:00:00,32.84,870.5,6.48,54.3
"513",2019-09-27 18:00:00,2019-09-27 13:00:00,35.21,869.2,6.65,46.37
"514",2019-09-27 19:00:00,2019-09-27 14:00:00,37.99,868.4,6.48,38.64
"515",2019-09-27 20:00:00,2019-09-27 15:00:00,28.6,867.83,6.53,60.29
"516",2019-09-27 21:00:00,2019-09-27 16:00:00,24.76,868,6.39,67.39
"517",2019-09-27 22:00:00,2019-09-27 17:00:00,23.94,868,5.52,70.85
"518",2019-09-27 23:00:00,2019-09-27 18:00:00,22.78,868,0.59,75.56
"519",2019-09-28 00:00:00,2019-09-27 19:00:00,21.59,869,0.02,80.69
"520",2019-09-28 01:00:00,2019-09-27 20:00:00,21.95,870,0.02,77.59
"521",2019-09-28 02:00:00,2019-09-27 21:00:00,21.63,871.17,0.01,77.93
"522",2019-09-28 03:00:00,2019-09-27 22:00:00,21.59,872,0.02,80.16
"523",2019-09-28 04:00:00,2019-09-27 23:00:00,20.96,872,0.01,82.78
"524",2019-09-28 05:00:00,2019-09-28 00:00:00,20.85,871.5,0.01,83.84
"525",2019-09-28 06:00:00,2019-09-28 01:00:00,20.96,870.83,0.01,83.97
"526",2019-09-28 07:00:00,2019-09-28 02:00:00,20.87,871,0.01,85.16
"527",2019-09-28 08:00:00,2019-09-28 03:00:00,20.54,871,0.01,88.66
"528",2019-09-28 09:00:00,2019-09-28 04:00:00,19.1,870.17,0.01,95.72
"529",2019-09-28 10:00:00,2019-09-28 05:00:00,18.41,870.5,1.34,93.9
"530",2019-09-28 11:00:00,2019-09-28 06:00:00,18.73,871.17,6.05,93.86
"531",2019-09-28 12:00:00,2019-09-28 07:00:00,19.14,871.67,6.68,95.41
"532",2019-09-28 13:00:00,2019-09-28 08:00:00,21.01,872.83,6.8,91.36
"533",2019-09-28 14:00:00,2019-09-28 09:00:00,24.19,873,6.74,82.32
"534",2019-09-28 15:00:00,2019-09-28 10:00:00,30.84,872.5,6.64,61.55
"535",2019-09-28 16:00:00,2019-09-28 11:00:00,33.93,871.6,6.56,48.52
"536",2019-09-28 17:00:00,2019-09-28 12:00:00,36.71,870.67,6.51,41.96
"537",2019-09-28 18:00:00,2019-09-28 13:00:00,39.08,869.6,6.54,35.65
"538",2019-09-28 19:00:00,2019-09-28 14:00:00,39.16,868.5,6.65,32.85
"539",2019-09-28 20:00:00,2019-09-28 15:00:00,38.8,867.2,6.64,32.64
"540",2019-09-28 21:00:00,2019-09-28 16:00:00,34.63,867,6.41,39.38
"541",2019-09-28 22:00:00,2019-09-28 17:00:00,27.77,867,5.3,53.35
"542",2019-09-28 23:00:00,2019-09-28 18:00:00,25.47,867.67,0.23,60.17
"543",2019-09-29 00:00:00,2019-09-28 19:00:00,25.01,868.5,0.02,62.94
"544",2019-09-29 01:00:00,2019-09-28 20:00:00,23.82,869.83,0.02,69.14
"545",2019-09-29 02:00:00,2019-09-28 21:00:00,21.75,870,0.01,79.96
"546",2019-09-29 03:00:00,2019-09-28 22:00:00,21.65,871,0.02,82.22
"547",2019-09-29 04:00:00,2019-09-28 23:00:00,19.53,870.33,0.01,95.3
"548",2019-09-29 05:00:00,2019-09-29 00:00:00,19.06,869.33,0.01,98.76
"549",2019-09-29 06:00:00,2019-09-29 01:00:00,18.98,868.83,0.01,99.59
"550",2019-09-29 07:00:00,2019-09-29 02:00:00,18.66,868.17,0.01,99.95
"551",2019-09-29 08:00:00,2019-09-29 03:00:00,18.59,868,0.02,99.93
"552",2019-09-29 09:00:00,2019-09-29 04:00:00,18.54,868.33,0.01,100
"553",2019-09-29 10:00:00,2019-09-29 05:00:00,18.58,869,0.68,100
"554",2019-09-29 11:00:00,2019-09-29 06:00:00,18.67,869.83,5.06,100
"555",2019-09-29 12:00:00,2019-09-29 07:00:00,19.65,870,6.73,99.59
"556",2019-09-29 13:00:00,2019-09-29 08:00:00,21.97,872,6.87,93.23
"557",2019-09-29 14:00:00,2019-09-29 09:00:00,24.3,872,6.6,85.14
"558",2019-09-29 15:00:00,2019-09-29 10:00:00,30.47,871.8,6.66,68.86
"559",2019-09-29 16:00:00,2019-09-29 11:00:00,32.91,870.5,6.66,56.13
"560",2019-09-29 17:00:00,2019-09-29 12:00:00,31.01,869.4,6.76,59.52
"561",2019-09-29 18:00:00,2019-09-29 13:00:00,32.16,868.5,6.78,56.8
"562",2019-09-29 19:00:00,2019-09-29 14:00:00,34.67,867.4,6.66,47.48
"563",2019-09-29 20:00:00,2019-09-29 15:00:00,33.96,867,6.75,49.01
"564",2019-09-29 21:00:00,2019-09-29 16:00:00,27.69,867,6.4,56.93
"565",2019-09-29 22:00:00,2019-09-29 17:00:00,22.67,867,5.01,67.85
"566",2019-09-29 23:00:00,2019-09-29 18:00:00,21.99,867.83,0.19,75.81
"567",2019-09-30 00:00:00,2019-09-29 19:00:00,21.84,868.83,0.02,77.08
"568",2019-09-30 01:00:00,2019-09-29 20:00:00,21.37,869.67,0.01,79.58
"569",2019-09-30 02:00:00,2019-09-29 21:00:00,20.84,870.5,0.01,81.99
"570",2019-09-30 03:00:00,2019-09-29 22:00:00,20.21,871,0.01,85.72
"571",2019-09-30 04:00:00,2019-09-29 23:00:00,20.25,871,0.01,86.49
"572",2019-09-30 05:00:00,2019-09-30 00:00:00,20.08,871,0.01,87.09
"573",2019-09-30 06:00:00,2019-09-30 01:00:00,19.57,870.33,0.01,89.91
"574",2019-09-30 07:00:00,2019-09-30 02:00:00,18.99,869.67,0.01,93.17
"575",2019-09-30 08:00:00,2019-09-30 03:00:00,18.8,868.67,0.01,95.52
"576",2019-09-30 09:00:00,2019-09-30 04:00:00,18.53,868.33,0.01,96.27
"577",2019-09-30 10:00:00,2019-09-30 05:00:00,18,868,1.5,99
"578",2019-09-30 11:00:00,2019-09-30 06:00:00,17.93,869,5.57,99.98
"579",2019-09-30 12:00:00,2019-09-30 07:00:00,19.51,869.33,6.7,98.37
"580",2019-09-30 13:00:00,2019-09-30 08:00:00,22.03,871.67,6.85,91.15
"581",2019-09-30 14:00:00,2019-09-30 09:00:00,26.17,872,6.83,76.22
"582",2019-09-30 15:00:00,2019-09-30 10:00:00,27.68,871,6.69,69.89
"583",2019-09-30 16:00:00,2019-09-30 11:00:00,31.56,870,6.71,55.1
"584",2019-09-30 17:00:00,2019-09-30 12:00:00,35.44,869.17,6.63,45.11
"585",2019-09-30 18:00:00,2019-09-30 13:00:00,37.5,867.6,6.65,36.01
"586",2019-09-30 19:00:00,2019-09-30 14:00:00,34.78,866.5,6.67,43.6
"587",2019-09-30 20:00:00,2019-09-30 15:00:00,27.89,866,6.44,61.5
"588",2019-09-30 21:00:00,2019-09-30 16:00:00,24.71,866,6.1,70.3
"589",2019-09-30 22:00:00,2019-09-30 17:00:00,23.21,866.33,4.65,72.99
"590",2019-09-30 23:00:00,2019-09-30 18:00:00,22.12,866.83,0.12,73.2
"591",2019-10-01 00:00:00,2019-09-30 19:00:00,21.77,868.33,0.02,78.76
"592",2019-10-01 01:00:00,2019-09-30 20:00:00,19.79,868.67,0.02,91.14
"593",2019-10-01 02:00:00,2019-09-30 21:00:00,18.89,869.17,0.01,98.41
"594",2019-10-01 03:00:00,2019-09-30 22:00:00,18.83,870,0.01,99.96
"595",2019-10-01 04:00:00,2019-09-30 23:00:00,18.29,869.5,0.01,99.76
"596",2019-10-01 05:00:00,2019-10-01 00:00:00,17.68,867.67,0.01,100
"597",2019-10-01 06:00:00,2019-10-01 01:00:00,17.14,867.17,0.01,98.83
"598",2019-10-01 07:00:00,2019-10-01 02:00:00,16.91,867,0.01,99.72
"599",2019-10-01 08:00:00,2019-10-01 03:00:00,17.07,867,0.01,100
"600",2019-10-01 09:00:00,2019-10-01 04:00:00,17.09,867,0.01,100
"601",2019-10-01 10:00:00,2019-10-01 05:00:00,17.13,867,1.29,100
"602",2019-10-01 11:00:00,2019-10-01 06:00:00,17.25,867,5.7,100
"603",2019-10-01 12:00:00,2019-10-01 07:00:00,18.48,867.33,6.84,99.78
"604",2019-10-01 13:00:00,2019-10-01 08:00:00,20.97,871.33,6.91,95.97
"605",2019-10-01 14:00:00,2019-10-01 09:00:00,22.27,873,6.94,88.94
"606",2019-10-01 15:00:00,2019-10-01 10:00:00,25.59,872.67,6.91,72.23
"607",2019-10-01 16:00:00,2019-10-01 11:00:00,27.86,872,6.85,62.61
"608",2019-10-01 17:00:00,2019-10-01 12:00:00,32.83,870.67,6.65,48.35
"609",2019-10-01 18:00:00,2019-10-01 13:00:00,30.79,869.2,6.78,53
"610",2019-10-01 19:00:00,2019-10-01 14:00:00,32.68,867.83,6.76,47.64
"611",2019-10-01 20:00:00,2019-10-01 15:00:00,35.25,867,6.74,42.38
"612",2019-10-01 21:00:00,2019-10-01 16:00:00,33.92,866,6.6,44.51
"613",2019-10-01 22:00:00,2019-10-01 17:00:00,26.16,866,5.79,64.12
"614",2019-10-01 23:00:00,2019-10-01 18:00:00,23.03,867,0.57,74.01
"615",2019-10-02 00:00:00,2019-10-01 19:00:00,21.8,867.83,0.02,78.71
"616",2019-10-02 01:00:00,2019-10-01 20:00:00,21.56,868.17,0.02,79.92
"617",2019-10-02 02:00:00,2019-10-01 21:00:00,21.27,869.17,0.01,80.73
"618",2019-10-02 03:00:00,2019-10-01 22:00:00,21.33,870,0.01,81.26
"619",2019-10-02 04:00:00,2019-10-01 23:00:00,21.11,869.83,0.01,81.08
"620",2019-10-02 05:00:00,2019-10-02 00:00:00,20.43,869,0.01,82.34
"621",2019-10-02 06:00:00,2019-10-02 01:00:00,19.76,868.5,0.01,85.76
"622",2019-10-02 07:00:00,2019-10-02 02:00:00,19.36,868.33,0.02,89.33
"623",2019-10-02 08:00:00,2019-10-02 03:00:00,19.15,868,0.01,88.92
"624",2019-10-02 09:00:00,2019-10-02 04:00:00,18.89,868.83,0.01,89
"625",2019-10-02 10:00:00,2019-10-02 05:00:00,18.62,869.33,1.39,90.33
"626",2019-10-02 11:00:00,2019-10-02 06:00:00,18.72,870.17,5.97,91.03
"627",2019-10-02 12:00:00,2019-10-02 07:00:00,19.86,871,6.58,89.02
"628",2019-10-02 13:00:00,2019-10-02 08:00:00,22.32,871,6.77,85.27
"629",2019-10-02 14:00:00,2019-10-02 09:00:00,25.4,871,6.84,74.34
"630",2019-10-02 15:00:00,2019-10-02 10:00:00,32.51,871,6.52,58.27
"631",2019-10-02 16:00:00,2019-10-02 11:00:00,35.8,870.33,6.59,46.87
"632",2019-10-02 17:00:00,2019-10-02 12:00:00,33.94,868.83,6.63,46.91
"633",2019-10-02 18:00:00,2019-10-02 13:00:00,32.89,868,6.79,50.09
"634",2019-10-02 19:00:00,2019-10-02 14:00:00,34.92,867.17,6.66,45.48
"635",2019-10-02 20:00:00,2019-10-02 15:00:00,33.2,866.5,6.71,47.74
"636",2019-10-02 21:00:00,2019-10-02 16:00:00,28.89,866.6,6.57,57.24
"637",2019-10-02 22:00:00,2019-10-02 17:00:00,25.09,867,5.68,67.3
"638",2019-10-02 23:00:00,2019-10-02 18:00:00,22.47,867.33,0.28,73.65
"639",2019-10-03 00:00:00,2019-10-02 19:00:00,21.88,868.33,0.02,76.56
"640",2019-10-03 01:00:00,2019-10-02 20:00:00,21.16,870,0.02,85.07
"641",2019-10-03 02:00:00,2019-10-02 21:00:00,19.48,869.83,0.01,93.93
"642",2019-10-03 03:00:00,2019-10-02 22:00:00,19.05,867.83,0.01,98.44
"643",2019-10-03 04:00:00,2019-10-02 23:00:00,18.86,867.17,0.01,99.02
"644",2019-10-03 05:00:00,2019-10-03 00:00:00,18.56,867,0.01,99.97
"645",2019-10-03 06:00:00,2019-10-03 01:00:00,18.65,867,0.01,100
"646",2019-10-03 07:00:00,2019-10-03 02:00:00,18.42,866.67,0.01,100
"647",2019-10-03 08:00:00,2019-10-03 03:00:00,18.49,865.17,0.01,100
"648",2019-10-03 09:00:00,2019-10-03 04:00:00,18.23,865.33,0.01,100
"649",2019-10-03 10:00:00,2019-10-03 05:00:00,17.71,866.17,0.9,100
"650",2019-10-03 11:00:00,2019-10-03 06:00:00,17.64,867,6.05,100
"651",2019-10-03 12:00:00,2019-10-03 07:00:00,18.88,867,6.87,100
"652",2019-10-03 13:00:00,2019-10-03 08:00:00,21,869.67,6.93,97.56
"653",2019-10-03 14:00:00,2019-10-03 09:00:00,22.31,873.83,6.92,91.53
"654",2019-10-03 15:00:00,2019-10-03 10:00:00,22.01,873,6.94,89.69
"655",2019-10-03 16:00:00,2019-10-03 11:00:00,22.98,873,7.06,86.89
"656",2019-10-03 17:00:00,2019-10-03 12:00:00,25.91,872.17,6.91,78.45
"657",2019-10-03 18:00:00,2019-10-03 13:00:00,25,871,6.82,79.76
"658",2019-10-03 19:00:00,2019-10-03 14:00:00,23.14,870.33,6.78,85.04
"659",2019-10-03 20:00:00,2019-10-03 15:00:00,22.62,870,6.76,87.99
"660",2019-10-03 21:00:00,2019-10-03 16:00:00,22.13,870,6.64,88.91
"661",2019-10-03 22:00:00,2019-10-03 17:00:00,20.75,869.83,5.19,92.08
"662",2019-10-03 23:00:00,2019-10-03 18:00:00,19.81,870,0.09,87.17
"663",2019-10-04 00:00:00,2019-10-03 19:00:00,19.4,870.5,0.01,91.69
"664",2019-10-04 01:00:00,2019-10-03 20:00:00,19.38,870.17,0.01,95.28
"665",2019-10-04 02:00:00,2019-10-03 21:00:00,19.16,869.17,0.01,97.57
"666",2019-10-04 03:00:00,2019-10-03 22:00:00,18.85,870.5,0.01,96.7
"667",2019-10-04 04:00:00,2019-10-03 23:00:00,18.41,869.2,0.01,98.27
"668",2019-10-04 05:00:00,2019-10-04 00:00:00,18.18,868,0.01,100
"669",2019-10-04 06:00:00,2019-10-04 01:00:00,18.05,867,0.01,99.92
"670",2019-10-04 07:00:00,2019-10-04 02:00:00,17.64,867,0.01,100
"671",2019-10-04 08:00:00,2019-10-04 03:00:00,17.4,867,0.01,99.69
"672",2019-10-04 09:00:00,2019-10-04 04:00:00,17.1,867,0,100
"673",2019-10-04 10:00:00,2019-10-04 05:00:00,17.46,867.17,1.4,100
"674",2019-10-04 11:00:00,2019-10-04 06:00:00,17.72,868,5.97,100
"675",2019-10-04 12:00:00,2019-10-04 07:00:00,19.39,871.17,6.89,97.38
"676",2019-10-04 13:00:00,2019-10-04 08:00:00,20.81,874,6.89,92.88
"677",2019-10-04 14:00:00,2019-10-04 09:00:00,22.74,873.67,6.78,85.3
"678",2019-10-04 15:00:00,2019-10-04 10:00:00,28.14,873,6.63,67.47
"679",2019-10-04 16:00:00,2019-10-04 11:00:00,29.46,872.17,6.67,59.02
"680",2019-10-04 17:00:00,2019-10-04 12:00:00,31.07,871,6.83,53.12
"681",2019-10-04 18:00:00,2019-10-04 13:00:00,34.27,869.8,6.74,47.28
"682",2019-10-04 19:00:00,2019-10-04 14:00:00,31.93,869,6.66,50.16
"683",2019-10-04 20:00:00,2019-10-04 15:00:00,30.15,868,6.68,52.97
"684",2019-10-04 21:00:00,2019-10-04 16:00:00,30.47,868,6.51,51.32
"685",2019-10-04 22:00:00,2019-10-04 17:00:00,26.44,868,5.37,58.84
"686",2019-10-17 20:00:00,2019-10-17 15:00:00,30.46,450,6.6,48.95
"687",2019-10-24 15:00:00,2019-10-24 10:00:00,28.42,447.5,5.98,74.16
"688",2019-10-24 16:00:00,2019-10-24 11:00:00,29.47,448.67,6.49,67.03
